[
{
    "model": "contenttypes.contenttype",
    "pk": 1,
    "fields": {
        "app_label": "admin",
        "model": "logentry"
    }
},
{
    "model": "contenttypes.contenttype",
    "pk": 2,
    "fields": {
        "app_label": "auth",
        "model": "permission"
    }
},
{
    "model": "contenttypes.contenttype",
    "pk": 3,
    "fields": {
        "app_label": "auth",
        "model": "group"
    }
},
{
    "model": "contenttypes.contenttype",
    "pk": 4,
    "fields": {
        "app_label": "contenttypes",
        "model": "contenttype"
    }
},
{
    "model": "contenttypes.contenttype",
    "pk": 5,
    "fields": {
        "app_label": "sessions",
        "model": "session"
    }
},
{
    "model": "contenttypes.contenttype",
    "pk": 6,
    "fields": {
        "app_label": "custom_auth",
        "model": "customuser"
    }
},
{
    "model": "contenttypes.contenttype",
    "pk": 7,
    "fields": {
        "app_label": "authtoken",
        "model": "token"
    }
},
{
    "model": "contenttypes.contenttype",
    "pk": 8,
    "fields": {
        "app_label": "custom_auth",
        "model": "profile"
    }
},
{
    "model": "contenttypes.contenttype",
    "pk": 9,
    "fields": {
        "app_label": "oauth2_provider",
        "model": "refreshtoken"
    }
},
{
    "model": "contenttypes.contenttype",
    "pk": 10,
    "fields": {
        "app_label": "oauth2_provider",
        "model": "application"
    }
},
{
    "model": "contenttypes.contenttype",
    "pk": 11,
    "fields": {
        "app_label": "oauth2_provider",
        "model": "accesstoken"
    }
},
{
    "model": "contenttypes.contenttype",
    "pk": 12,
    "fields": {
        "app_label": "oauth2_provider",
        "model": "grant"
    }
},
{
    "model": "contenttypes.contenttype",
    "pk": 13,
    "fields": {
        "app_label": "social_django",
        "model": "partial"
    }
},
{
    "model": "contenttypes.contenttype",
    "pk": 14,
    "fields": {
        "app_label": "social_django",
        "model": "usersocialauth"
    }
},
{
    "model": "contenttypes.contenttype",
    "pk": 15,
    "fields": {
        "app_label": "social_django",
        "model": "nonce"
    }
},
{
    "model": "contenttypes.contenttype",
    "pk": 16,
    "fields": {
        "app_label": "social_django",
        "model": "code"
    }
},
{
    "model": "contenttypes.contenttype",
    "pk": 17,
    "fields": {
        "app_label": "social_django",
        "model": "association"
    }
},
{
    "model": "contenttypes.contenttype",
    "pk": 18,
    "fields": {
        "app_label": "card",
        "model": "card"
    }
},
{
    "model": "contenttypes.contenttype",
    "pk": 19,
    "fields": {
        "app_label": "card",
        "model": "status"
    }
},
{
    "model": "contenttypes.contenttype",
    "pk": 20,
    "fields": {
        "app_label": "card",
        "model": "role"
    }
},
{
    "model": "sessions.session",
    "pk": "g7ss50e0j9p2o97os2559vn161qkxjg0",
    "fields": {
        "session_data": "NDdlNWIyMjA0MTQzNjRkNGQ2ZWIwMGY4NDdmZTgxMGZiZTVlNmE3ZTp7ImZhY2Vib29rX3N0YXRlIjoidVFGSzRrcFY4R0dNZlJCMTR2Sm5iS0F1OXNhVHhuQ0YifQ==",
        "expire_date": "2018-10-08T11:24:49.628Z"
    }
},
{
    "model": "sessions.session",
    "pk": "q8jh9ehjs7bh7y0lrpw9vygydocbolj4",
    "fields": {
        "session_data": "Yzk4YjdlNWI0MTUzNTIwMjdjNDhjMjc3OWZhNGE1ODVhOWJjZTlkMjp7ImZhY2Vib29rX3N0YXRlIjoicEhDSmtPSnJKZ29LYm1yVGxpMDdMUHNYNlRFNjlWd0QifQ==",
        "expire_date": "2018-10-09T12:48:10.303Z"
    }
},
{
    "model": "sessions.session",
    "pk": "t0uv1tpxgwh98723mox7ufrxh6rdqrdm",
    "fields": {
        "session_data": "YjYzNzU0ZmUyOWEwYWY4ZGE5Nzg2MWE1OTU3ODM0NWY3NDBkYmE5MTp7ImZhY2Vib29rX3N0YXRlIjoiVTNuU3FLeVVROHJGTHVad2dpb2Z6dnZlck1kOHJMT1oifQ==",
        "expire_date": "2018-10-08T14:09:27.001Z"
    }
},
{
    "model": "sessions.session",
    "pk": "wjpg2vtlzhy48kssr3v427zqrvjepnss",
    "fields": {
        "session_data": "NzExN2QzNTdiYjU4NTJmNWU0MjdlNTI4NGRmM2Q5Y2ZkNDE4MDdlNzp7ImZhY2Vib29rX3N0YXRlIjoibjd2aFdyam9VT3RtZzRrNlN4eks0Y2JvcWRSNnFGUzYifQ==",
        "expire_date": "2018-10-09T05:37:32.818Z"
    }
},
{
    "model": "sessions.session",
    "pk": "wms40wga6bbxrqica3y0mddpzwzp6ug3",
    "fields": {
        "session_data": "NWJhMDJiNjBlMjBiY2E3ZWIwZjU0MDMzOWY1NDcwMWI3ZWI0YWU3OTp7ImZhY2Vib29rX3N0YXRlIjoiT1F0RW9VdmFyZVhTNTdqZUYxdlVoTE9jenRBZVFrMWsiLCJuZXh0IjoiJ3h4eCcifQ==",
        "expire_date": "2018-10-09T08:51:02.410Z"
    }
},
{
    "model": "sessions.session",
    "pk": "zj5oc5p4o2ijxek867psq2j2wbimeojr",
    "fields": {
        "session_data": "OGFhZjFhZTNiMmI3NTEwYzBlZTc0Yzk0YjFkZTNiNzMyZmMzZjQ4Njp7ImZhY2Vib29rX3N0YXRlIjoienpkTktkdUh4WE92ZVpobDRXR3ZxQ1RSYkN6UXEwT0IifQ==",
        "expire_date": "2018-10-09T08:56:58.753Z"
    }
},
{
    "model": "card.status",
    "pk": 1,
    "fields": {
        "name": "New",
        "is_actuve": true,
        "order_num": 1,
        "is_default": true
    }
},
{
    "model": "card.status",
    "pk": 2,
    "fields": {
        "name": "Ready",
        "is_actuve": true,
        "order_num": 2,
        "is_default": false
    }
},
{
    "model": "card.status",
    "pk": 3,
    "fields": {
        "name": "In Progres",
        "is_actuve": true,
        "order_num": 3,
        "is_default": false
    }
},
{
    "model": "card.status",
    "pk": 4,
    "fields": {
        "name": "Ready for Test",
        "is_actuve": true,
        "order_num": 4,
        "is_default": false
    }
},
{
    "model": "card.status",
    "pk": 5,
    "fields": {
        "name": "Done",
        "is_actuve": true,
        "order_num": 5,
        "is_default": false
    }
},
{
    "model": "card.status",
    "pk": 6,
    "fields": {
        "name": "Archieved",
        "is_actuve": true,
        "order_num": 6,
        "is_default": false
    }
},
{
    "model": "card.role",
    "pk": 1,
    "fields": {
        "name": "UX"
    }
},
{
    "model": "card.role",
    "pk": 2,
    "fields": {
        "name": "Design"
    }
},
{
    "model": "card.role",
    "pk": 3,
    "fields": {
        "name": "Front"
    }
},
{
    "model": "card.role",
    "pk": 4,
    "fields": {
        "name": "Backend"
    }
},
{
    "model": "card.role",
    "pk": 5,
    "fields": {
        "name": "Python"
    }
},
{
    "model": "auth.permission",
    "pk": 1,
    "fields": {
        "name": "Can add log entry",
        "content_type": 1,
        "codename": "add_logentry"
    }
},
{
    "model": "auth.permission",
    "pk": 2,
    "fields": {
        "name": "Can change log entry",
        "content_type": 1,
        "codename": "change_logentry"
    }
},
{
    "model": "auth.permission",
    "pk": 3,
    "fields": {
        "name": "Can delete log entry",
        "content_type": 1,
        "codename": "delete_logentry"
    }
},
{
    "model": "auth.permission",
    "pk": 4,
    "fields": {
        "name": "Can view log entry",
        "content_type": 1,
        "codename": "view_logentry"
    }
},
{
    "model": "auth.permission",
    "pk": 5,
    "fields": {
        "name": "Can add permission",
        "content_type": 2,
        "codename": "add_permission"
    }
},
{
    "model": "auth.permission",
    "pk": 6,
    "fields": {
        "name": "Can change permission",
        "content_type": 2,
        "codename": "change_permission"
    }
},
{
    "model": "auth.permission",
    "pk": 7,
    "fields": {
        "name": "Can delete permission",
        "content_type": 2,
        "codename": "delete_permission"
    }
},
{
    "model": "auth.permission",
    "pk": 8,
    "fields": {
        "name": "Can view permission",
        "content_type": 2,
        "codename": "view_permission"
    }
},
{
    "model": "auth.permission",
    "pk": 9,
    "fields": {
        "name": "Can add group",
        "content_type": 3,
        "codename": "add_group"
    }
},
{
    "model": "auth.permission",
    "pk": 10,
    "fields": {
        "name": "Can change group",
        "content_type": 3,
        "codename": "change_group"
    }
},
{
    "model": "auth.permission",
    "pk": 11,
    "fields": {
        "name": "Can delete group",
        "content_type": 3,
        "codename": "delete_group"
    }
},
{
    "model": "auth.permission",
    "pk": 12,
    "fields": {
        "name": "Can view group",
        "content_type": 3,
        "codename": "view_group"
    }
},
{
    "model": "auth.permission",
    "pk": 13,
    "fields": {
        "name": "Can add content type",
        "content_type": 4,
        "codename": "add_contenttype"
    }
},
{
    "model": "auth.permission",
    "pk": 14,
    "fields": {
        "name": "Can change content type",
        "content_type": 4,
        "codename": "change_contenttype"
    }
},
{
    "model": "auth.permission",
    "pk": 15,
    "fields": {
        "name": "Can delete content type",
        "content_type": 4,
        "codename": "delete_contenttype"
    }
},
{
    "model": "auth.permission",
    "pk": 16,
    "fields": {
        "name": "Can view content type",
        "content_type": 4,
        "codename": "view_contenttype"
    }
},
{
    "model": "auth.permission",
    "pk": 17,
    "fields": {
        "name": "Can add session",
        "content_type": 5,
        "codename": "add_session"
    }
},
{
    "model": "auth.permission",
    "pk": 18,
    "fields": {
        "name": "Can change session",
        "content_type": 5,
        "codename": "change_session"
    }
},
{
    "model": "auth.permission",
    "pk": 19,
    "fields": {
        "name": "Can delete session",
        "content_type": 5,
        "codename": "delete_session"
    }
},
{
    "model": "auth.permission",
    "pk": 20,
    "fields": {
        "name": "Can view session",
        "content_type": 5,
        "codename": "view_session"
    }
},
{
    "model": "auth.permission",
    "pk": 21,
    "fields": {
        "name": "Can add user",
        "content_type": 6,
        "codename": "add_customuser"
    }
},
{
    "model": "auth.permission",
    "pk": 22,
    "fields": {
        "name": "Can change user",
        "content_type": 6,
        "codename": "change_customuser"
    }
},
{
    "model": "auth.permission",
    "pk": 23,
    "fields": {
        "name": "Can delete user",
        "content_type": 6,
        "codename": "delete_customuser"
    }
},
{
    "model": "auth.permission",
    "pk": 24,
    "fields": {
        "name": "Can view user",
        "content_type": 6,
        "codename": "view_customuser"
    }
},
{
    "model": "auth.permission",
    "pk": 25,
    "fields": {
        "name": "Can add Token",
        "content_type": 7,
        "codename": "add_token"
    }
},
{
    "model": "auth.permission",
    "pk": 26,
    "fields": {
        "name": "Can change Token",
        "content_type": 7,
        "codename": "change_token"
    }
},
{
    "model": "auth.permission",
    "pk": 27,
    "fields": {
        "name": "Can delete Token",
        "content_type": 7,
        "codename": "delete_token"
    }
},
{
    "model": "auth.permission",
    "pk": 28,
    "fields": {
        "name": "Can view Token",
        "content_type": 7,
        "codename": "view_token"
    }
},
{
    "model": "auth.permission",
    "pk": 29,
    "fields": {
        "name": "Can add profile",
        "content_type": 8,
        "codename": "add_profile"
    }
},
{
    "model": "auth.permission",
    "pk": 30,
    "fields": {
        "name": "Can change profile",
        "content_type": 8,
        "codename": "change_profile"
    }
},
{
    "model": "auth.permission",
    "pk": 31,
    "fields": {
        "name": "Can delete profile",
        "content_type": 8,
        "codename": "delete_profile"
    }
},
{
    "model": "auth.permission",
    "pk": 32,
    "fields": {
        "name": "Can view profile",
        "content_type": 8,
        "codename": "view_profile"
    }
},
{
    "model": "auth.permission",
    "pk": 33,
    "fields": {
        "name": "Can add refresh token",
        "content_type": 9,
        "codename": "add_refreshtoken"
    }
},
{
    "model": "auth.permission",
    "pk": 34,
    "fields": {
        "name": "Can change refresh token",
        "content_type": 9,
        "codename": "change_refreshtoken"
    }
},
{
    "model": "auth.permission",
    "pk": 35,
    "fields": {
        "name": "Can delete refresh token",
        "content_type": 9,
        "codename": "delete_refreshtoken"
    }
},
{
    "model": "auth.permission",
    "pk": 36,
    "fields": {
        "name": "Can view refresh token",
        "content_type": 9,
        "codename": "view_refreshtoken"
    }
},
{
    "model": "auth.permission",
    "pk": 37,
    "fields": {
        "name": "Can add application",
        "content_type": 10,
        "codename": "add_application"
    }
},
{
    "model": "auth.permission",
    "pk": 38,
    "fields": {
        "name": "Can change application",
        "content_type": 10,
        "codename": "change_application"
    }
},
{
    "model": "auth.permission",
    "pk": 39,
    "fields": {
        "name": "Can delete application",
        "content_type": 10,
        "codename": "delete_application"
    }
},
{
    "model": "auth.permission",
    "pk": 40,
    "fields": {
        "name": "Can view application",
        "content_type": 10,
        "codename": "view_application"
    }
},
{
    "model": "auth.permission",
    "pk": 41,
    "fields": {
        "name": "Can add access token",
        "content_type": 11,
        "codename": "add_accesstoken"
    }
},
{
    "model": "auth.permission",
    "pk": 42,
    "fields": {
        "name": "Can change access token",
        "content_type": 11,
        "codename": "change_accesstoken"
    }
},
{
    "model": "auth.permission",
    "pk": 43,
    "fields": {
        "name": "Can delete access token",
        "content_type": 11,
        "codename": "delete_accesstoken"
    }
},
{
    "model": "auth.permission",
    "pk": 44,
    "fields": {
        "name": "Can view access token",
        "content_type": 11,
        "codename": "view_accesstoken"
    }
},
{
    "model": "auth.permission",
    "pk": 45,
    "fields": {
        "name": "Can add grant",
        "content_type": 12,
        "codename": "add_grant"
    }
},
{
    "model": "auth.permission",
    "pk": 46,
    "fields": {
        "name": "Can change grant",
        "content_type": 12,
        "codename": "change_grant"
    }
},
{
    "model": "auth.permission",
    "pk": 47,
    "fields": {
        "name": "Can delete grant",
        "content_type": 12,
        "codename": "delete_grant"
    }
},
{
    "model": "auth.permission",
    "pk": 48,
    "fields": {
        "name": "Can view grant",
        "content_type": 12,
        "codename": "view_grant"
    }
},
{
    "model": "auth.permission",
    "pk": 49,
    "fields": {
        "name": "Can add partial",
        "content_type": 13,
        "codename": "add_partial"
    }
},
{
    "model": "auth.permission",
    "pk": 50,
    "fields": {
        "name": "Can change partial",
        "content_type": 13,
        "codename": "change_partial"
    }
},
{
    "model": "auth.permission",
    "pk": 51,
    "fields": {
        "name": "Can delete partial",
        "content_type": 13,
        "codename": "delete_partial"
    }
},
{
    "model": "auth.permission",
    "pk": 52,
    "fields": {
        "name": "Can view partial",
        "content_type": 13,
        "codename": "view_partial"
    }
},
{
    "model": "auth.permission",
    "pk": 53,
    "fields": {
        "name": "Can add user social auth",
        "content_type": 14,
        "codename": "add_usersocialauth"
    }
},
{
    "model": "auth.permission",
    "pk": 54,
    "fields": {
        "name": "Can change user social auth",
        "content_type": 14,
        "codename": "change_usersocialauth"
    }
},
{
    "model": "auth.permission",
    "pk": 55,
    "fields": {
        "name": "Can delete user social auth",
        "content_type": 14,
        "codename": "delete_usersocialauth"
    }
},
{
    "model": "auth.permission",
    "pk": 56,
    "fields": {
        "name": "Can view user social auth",
        "content_type": 14,
        "codename": "view_usersocialauth"
    }
},
{
    "model": "auth.permission",
    "pk": 57,
    "fields": {
        "name": "Can add nonce",
        "content_type": 15,
        "codename": "add_nonce"
    }
},
{
    "model": "auth.permission",
    "pk": 58,
    "fields": {
        "name": "Can change nonce",
        "content_type": 15,
        "codename": "change_nonce"
    }
},
{
    "model": "auth.permission",
    "pk": 59,
    "fields": {
        "name": "Can delete nonce",
        "content_type": 15,
        "codename": "delete_nonce"
    }
},
{
    "model": "auth.permission",
    "pk": 60,
    "fields": {
        "name": "Can view nonce",
        "content_type": 15,
        "codename": "view_nonce"
    }
},
{
    "model": "auth.permission",
    "pk": 61,
    "fields": {
        "name": "Can add code",
        "content_type": 16,
        "codename": "add_code"
    }
},
{
    "model": "auth.permission",
    "pk": 62,
    "fields": {
        "name": "Can change code",
        "content_type": 16,
        "codename": "change_code"
    }
},
{
    "model": "auth.permission",
    "pk": 63,
    "fields": {
        "name": "Can delete code",
        "content_type": 16,
        "codename": "delete_code"
    }
},
{
    "model": "auth.permission",
    "pk": 64,
    "fields": {
        "name": "Can view code",
        "content_type": 16,
        "codename": "view_code"
    }
},
{
    "model": "auth.permission",
    "pk": 65,
    "fields": {
        "name": "Can add association",
        "content_type": 17,
        "codename": "add_association"
    }
},
{
    "model": "auth.permission",
    "pk": 66,
    "fields": {
        "name": "Can change association",
        "content_type": 17,
        "codename": "change_association"
    }
},
{
    "model": "auth.permission",
    "pk": 67,
    "fields": {
        "name": "Can delete association",
        "content_type": 17,
        "codename": "delete_association"
    }
},
{
    "model": "auth.permission",
    "pk": 68,
    "fields": {
        "name": "Can view association",
        "content_type": 17,
        "codename": "view_association"
    }
},
{
    "model": "auth.permission",
    "pk": 69,
    "fields": {
        "name": "Can add card",
        "content_type": 18,
        "codename": "add_card"
    }
},
{
    "model": "auth.permission",
    "pk": 70,
    "fields": {
        "name": "Can change card",
        "content_type": 18,
        "codename": "change_card"
    }
},
{
    "model": "auth.permission",
    "pk": 71,
    "fields": {
        "name": "Can delete card",
        "content_type": 18,
        "codename": "delete_card"
    }
},
{
    "model": "auth.permission",
    "pk": 72,
    "fields": {
        "name": "Can view card",
        "content_type": 18,
        "codename": "view_card"
    }
},
{
    "model": "auth.permission",
    "pk": 73,
    "fields": {
        "name": "Can add status",
        "content_type": 19,
        "codename": "add_status"
    }
},
{
    "model": "auth.permission",
    "pk": 74,
    "fields": {
        "name": "Can change status",
        "content_type": 19,
        "codename": "change_status"
    }
},
{
    "model": "auth.permission",
    "pk": 75,
    "fields": {
        "name": "Can delete status",
        "content_type": 19,
        "codename": "delete_status"
    }
},
{
    "model": "auth.permission",
    "pk": 76,
    "fields": {
        "name": "Can view status",
        "content_type": 19,
        "codename": "view_status"
    }
},
{
    "model": "auth.permission",
    "pk": 77,
    "fields": {
        "name": "Can add role",
        "content_type": 20,
        "codename": "add_role"
    }
},
{
    "model": "auth.permission",
    "pk": 78,
    "fields": {
        "name": "Can change role",
        "content_type": 20,
        "codename": "change_role"
    }
},
{
    "model": "auth.permission",
    "pk": 79,
    "fields": {
        "name": "Can delete role",
        "content_type": 20,
        "codename": "delete_role"
    }
},
{
    "model": "auth.permission",
    "pk": 80,
    "fields": {
        "name": "Can view role",
        "content_type": 20,
        "codename": "view_role"
    }
},
{
    "model": "custom_auth.customuser",
    "pk": 1,
    "fields": {
        "password": "pbkdf2_sha256$120000$dWhd75fsXeW6$TXx0IOLgYKKGo+hx8ogYG2//G+vdFCVEVB7QD+xmFNo=",
        "last_login": "2018-09-27T11:40:18.201Z",
        "is_superuser": true,
        "first_name": "Roman",
        "last_name": "Adminov",
        "is_staff": true,
        "is_active": true,
        "date_joined": "2018-09-19T13:38:17.339Z",
        "username": "ADMIN",
        "email": "admin@mail.net",
        "groups": [],
        "user_permissions": []
    }
},
{
    "model": "custom_auth.customuser",
    "pk": 23,
    "fields": {
        "password": "pbkdf2_sha256$120000$6kSPFLrYlSUH$IE3RqoeG3ucox189ar6RrhVj+17KroJF9k8Nz8Wfrs8=",
        "last_login": null,
        "is_superuser": false,
        "first_name": "ssasdfad",
        "last_name": "swfas",
        "is_staff": false,
        "is_active": true,
        "date_joined": "2018-09-21T06:43:42.802Z",
        "username": "ddf",
        "email": "RGArtemenko@gmail.com",
        "groups": [],
        "user_permissions": []
    }
},
{
    "model": "custom_auth.customuser",
    "pk": 31,
    "fields": {
        "password": "pbkdf2_sha256$120000$Mp5m8Opn0EHQ$Lq7O4kZ995AW3pwF6xF5g3QmHhYGA7WMtAgJ7mZ1CfM=",
        "last_login": null,
        "is_superuser": false,
        "first_name": "Roman",
        "last_name": "Artemenko",
        "is_staff": false,
        "is_active": true,
        "date_joined": "2018-09-25T12:54:40.815Z",
        "username": "RomanArtemenko",
        "email": "rgartemenko@gmail.com",
        "groups": [],
        "user_permissions": []
    }
},
{
    "model": "custom_auth.customuser",
    "pk": 32,
    "fields": {
        "password": "pbkdf2_sha256$120000$Kf0JBOz4B6XK$tAeux38mfQTqgfqSvlLanGZBWHSUek1386Ziwbr6FxM=",
        "last_login": null,
        "is_superuser": false,
        "first_name": "eeewef",
        "last_name": "qdqwde",
        "is_staff": false,
        "is_active": false,
        "date_joined": "2018-09-28T06:17:18.957Z",
        "username": "cde",
        "email": "cde@mail.net",
        "groups": [],
        "user_permissions": []
    }
},
{
    "model": "custom_auth.customuser",
    "pk": 33,
    "fields": {
        "password": "pbkdf2_sha256$120000$nA6uJKEeR7Z6$MLeY2bHqTkIc8qARkTB43FIvIgvM5EIpaKe0xEVIfns=",
        "last_login": null,
        "is_superuser": false,
        "first_name": "eeewef",
        "last_name": "qdqwde",
        "is_staff": false,
        "is_active": false,
        "date_joined": "2018-09-28T06:27:38.851Z",
        "username": "cde1",
        "email": "cde1@mail.net",
        "groups": [],
        "user_permissions": []
    }
},
{
    "model": "custom_auth.customuser",
    "pk": 34,
    "fields": {
        "password": "pbkdf2_sha256$120000$faJva65nuAaP$rJECX59Rhh2tWvQHioq1Efx6nyldg6FjeQ2rO4shAJ8=",
        "last_login": null,
        "is_superuser": false,
        "first_name": "eeewef",
        "last_name": "qdqwde",
        "is_staff": false,
        "is_active": false,
        "date_joined": "2018-09-28T06:29:20.809Z",
        "username": "cde2",
        "email": "cde2@mail.net",
        "groups": [],
        "user_permissions": []
    }
},
{
    "model": "custom_auth.customuser",
    "pk": 35,
    "fields": {
        "password": "pbkdf2_sha256$120000$LPu4YYg4ynsB$vuIZFacK+A/bkxDZcY0cpY+CxWiG0mu+9JEhYlu7sE0=",
        "last_login": null,
        "is_superuser": false,
        "first_name": "qewrf",
        "last_name": "qfqfr",
        "is_staff": false,
        "is_active": false,
        "date_joined": "2018-09-28T07:22:22.799Z",
        "username": "weergf",
        "email": "dgrg@mail.net",
        "groups": [],
        "user_permissions": []
    }
},
{
    "model": "custom_auth.profile",
    "pk": 32,
    "fields": {
        "phone_number": "1234567890",
        "notification": true
    }
},
{
    "model": "custom_auth.profile",
    "pk": 33,
    "fields": {
        "phone_number": "1234567890",
        "notification": true
    }
},
{
    "model": "custom_auth.profile",
    "pk": 34,
    "fields": {
        "phone_number": "1234567890",
        "notification": true
    }
},
{
    "model": "custom_auth.profile",
    "pk": 35,
    "fields": {
        "phone_number": "1234567890",
        "notification": true
    }
},
{
    "model": "authtoken.token",
    "pk": "66028145a0ba17367418c4502f8a1203b05c093e",
    "fields": {
        "user": 31,
        "created": "2018-09-25T13:54:28.870Z"
    }
},
{
    "model": "authtoken.token",
    "pk": "cbd22a3ec62efd2774ee3d951b53c325dead2464",
    "fields": {
        "user": 1,
        "created": "2018-09-20T07:46:13.997Z"
    }
},
{
    "model": "social_django.usersocialauth",
    "pk": 3,
    "fields": {
        "user": 31,
        "provider": "facebook",
        "uid": "543955736029685",
        "extra_data": "{\"expires\": 5183530, \"granted_scopes\": null, \"token_type\": null, \"id\": \"543955736029685\", \"auth_time\": 1538559543, \"access_token\": \"EAAGwgjSvQkoBAHBaBuNs3Xg7Y1Hrqr8FHpHgW3qrjN2wyaJrvH04aLJyhIOs2YkW4oLejv7YM6CTkAjW2hHNh3ZAOtaRgJmpyfHYeBbWoazjzOfUqhadLCxa3ioCAcycRccCYnJiYuHq1RGQ2fiYyINEw7dq9GxcSJckmUAZDZD\", \"denied_scopes\": null}"
    }
},
{
    "model": "card.card",
    "pk": 1,
    "fields": {
        "title": "First card",
        "description": "Need do something",
        "assigned_to": null,
        "due_date": "2018-10-01T08:30:00Z",
        "created_date": "2018-10-01T09:19:11.307Z",
        "owner": 1,
        "status": 1,
        "role": []
    }
},
{
    "model": "card.card",
    "pk": 2,
    "fields": {
        "title": "Second card",
        "description": "Change model ...",
        "assigned_to": null,
        "due_date": "2018-10-19T13:38:17.339Z",
        "created_date": "2018-10-01T09:20:20.953Z",
        "owner": 1,
        "status": 1,
        "role": []
    }
},
{
    "model": "card.card",
    "pk": 3,
    "fields": {
        "title": "test 3",
        "description": "Some work ...",
        "assigned_to": null,
        "due_date": "2018-10-09T13:38:17.339Z",
        "created_date": "2018-10-01T13:08:45.233Z",
        "owner": 1,
        "status": 1,
        "role": []
    }
},
{
    "model": "card.card",
    "pk": 4,
    "fields": {
        "title": "test 4",
        "description": "Another work",
        "assigned_to": null,
        "due_date": "2018-11-09T13:38:17.339Z",
        "created_date": "2018-10-01T13:13:17.918Z",
        "owner": 1,
        "status": 1,
        "role": []
    }
},
{
    "model": "card.card",
    "pk": 5,
    "fields": {
        "title": "Tereeee",
        "description": "ascgwhgrchhthw",
        "assigned_to": null,
        "due_date": "2018-10-01T13:38:17.339Z",
        "created_date": "2018-10-01T13:18:22.768Z",
        "owner": 1,
        "status": 6,
        "role": []
    }
},
{
    "model": "card.card",
    "pk": 8,
    "fields": {
        "title": "Some card",
        "description": "Some description",
        "assigned_to": null,
        "due_date": "2018-10-01T08:30:00Z",
        "created_date": "2018-10-02T07:39:32.463Z",
        "owner": 1,
        "status": 6,
        "role": []
    }
},
{
    "model": "card.card",
    "pk": 10,
    "fields": {
        "title": "updated",
        "description": "wffsffffef",
        "assigned_to": 35,
        "due_date": "2018-10-01T01:21:00Z",
        "created_date": "2018-10-02T08:22:25.500Z",
        "owner": 1,
        "status": 5,
        "role": [
            1,
            3
        ]
    }
},
{
    "model": "card.card",
    "pk": 16,
    "fields": {
        "title": "TESYSDYSDYSDSD",
        "description": "adasd",
        "assigned_to": null,
        "due_date": "2018-10-14T08:30:00Z",
        "created_date": "2018-10-02T11:26:25.494Z",
        "owner": 1,
        "status": 6,
        "role": []
    }
},
{
    "model": "card.card",
    "pk": 17,
    "fields": {
        "title": "TEST 1D",
        "description": "adasd",
        "assigned_to": null,
        "due_date": "2018-10-14T08:30:00Z",
        "created_date": "2018-10-02T11:28:20.248Z",
        "owner": 1,
        "status": 6,
        "role": []
    }
},
{
    "model": "card.card",
    "pk": 18,
    "fields": {
        "title": "TEST 1D",
        "description": "adasd",
        "assigned_to": 35,
        "due_date": "2018-10-01T08:30:00Z",
        "created_date": "2018-10-02T11:29:07.406Z",
        "owner": 35,
        "status": 1,
        "role": []
    }
},
{
    "model": "card.card",
    "pk": 39,
    "fields": {
        "title": "New card",
        "description": "Some test description 2018-10-01 08:30:00+00",
        "assigned_to": null,
        "due_date": "1999-12-31T23:00:00Z",
        "created_date": "2018-10-08T09:15:42.022Z",
        "owner": 1,
        "status": 1,
        "role": []
    }
},
{
    "model": "card.card",
    "pk": 40,
    "fields": {
        "title": "New card",
        "description": "Some work ... tetstststststststststststnascnalfu",
        "assigned_to": null,
        "due_date": "1999-12-31T23:00:00Z",
        "created_date": "2018-10-08T10:03:52.166Z",
        "owner": 1,
        "status": 1,
        "role": []
    }
},
{
    "model": "card.card",
    "pk": 41,
    "fields": {
        "title": "Test titlt 12",
        "description": "adfaddadfaf",
        "assigned_to": null,
        "due_date": "1999-12-31T23:00:00Z",
        "created_date": "2018-10-08T12:05:14.246Z",
        "owner": 1,
        "status": 1,
        "role": []
    }
},
{
    "model": "card.card",
    "pk": 42,
    "fields": {
        "title": "TITLE FFFFFFFC wewrwwwewwe",
        "description": "Other test description",
        "assigned_to": null,
        "due_date": "1999-12-31T23:00:00Z",
        "created_date": "2018-10-08T12:09:19.883Z",
        "owner": 1,
        "status": 1,
        "role": []
    }
},
{
    "model": "card.card",
    "pk": 43,
    "fields": {
        "title": "New title 12ewr2w3r23r234tr",
        "description": "Some description wdwwerwdr sd wdfqw asqwawefawfaqfaQSF2342343`23",
        "assigned_to": null,
        "due_date": "1999-12-31T23:00:00Z",
        "created_date": "2018-10-08T12:24:00.738Z",
        "owner": 1,
        "status": 1,
        "role": []
    }
},
{
    "model": "card.card",
    "pk": 44,
    "fields": {
        "title": "New title 1amiodfdfuildfuir89u389u2r3",
        "description": "acfaef fxqwefrfc ereeee QQQ",
        "assigned_to": null,
        "due_date": "1999-12-31T23:00:00Z",
        "created_date": "2018-10-08T13:17:27.743Z",
        "owner": 1,
        "status": 1,
        "role": []
    }
},
{
    "model": "card.card",
    "pk": 45,
    "fields": {
        "title": "sfssfsdf",
        "description": "ssfsfsfsfsfsf\nvsssssfsgfssf",
        "assigned_to": null,
        "due_date": "1999-12-31T23:00:00Z",
        "created_date": "2018-10-09T09:52:03.175Z",
        "owner": 1,
        "status": 1,
        "role": []
    }
},
{
    "model": "card.card",
    "pk": 46,
    "fields": {
        "title": "ffsfsfsffffdf",
        "description": "fasfasfsfsdf",
        "assigned_to": null,
        "due_date": "1999-12-31T23:00:00Z",
        "created_date": "2018-10-09T09:58:35.909Z",
        "owner": 1,
        "status": 1,
        "role": []
    }
},
{
    "model": "card.card",
    "pk": 47,
    "fields": {
        "title": "ffsfsfsffffdADADAS",
        "description": "fasfasfsfsdfAsdDADSDAD",
        "assigned_to": null,
        "due_date": "1999-12-31T23:00:00Z",
        "created_date": "2018-10-09T09:58:44.201Z",
        "owner": 1,
        "status": 1,
        "role": []
    }
},
{
    "model": "card.card",
    "pk": 48,
    "fields": {
        "title": "ffsfsfsffffdADADASAsdASD",
        "description": "fasfasfsfsdfAsdDADSDADAsdDASD",
        "assigned_to": null,
        "due_date": "1999-12-31T23:00:00Z",
        "created_date": "2018-10-09T09:58:50.386Z",
        "owner": 1,
        "status": 1,
        "role": []
    }
}
]
